validation_0,2026-02-03,potato,Potato___Late_Blight,Potato___Late_Blight,0.9997255206108093,1,validation,vgg16
validation_1,2026-02-03,potato,Potato___Late_Blight,Potato___Late_Blight,0.9991708993911743,1,validation,vgg16
validation_2,2026-02-03,potato,Potato___Early_Blight,Potato___Early_Blight,1.0,1,validation,vgg16
validation_3,2026-02-03,potato,Potato___Healthy,Potato___Healthy,0.9976264834403992,1,validation,vgg16
validation_4,2026-02-03,potato,Potato___Early_Blight,Potato___Early_Blight,0.9997835755348206,1,validation,vgg16
validation_5,2026-02-03,potato,Potato___Late_Blight,Potato___Late_Blight,0.9993746876716614,1,validation,vgg16
validation_6,2026-02-03,potato,Potato___Late_Blight,Potato___Late_Blight,0.9999997615814209,1,validation,vgg16
validation_7,2026-02-03,potato,Potato___Early_Blight,Potato___Early_Blight,0.9999998807907104,1,validation,vgg16
validation_8,2026-02-03,potato,Potato___Early_Blight,Potato___Early_Blight,0.9999836683273315,1,validation,vgg16
validation_9,2026-02-03,potato,Potato___Early_Blight,Potato___Early_Blight,0.9998922348022461,1,validation,vgg16
validation_10,2026-02-03,potato,Potato___Late_Blight,Potato___Late_Blight,0.9936115145683289,1,validation,vgg16
validation_11,2026-02-03,potato,Potato___Late_Blight,Potato___Late_Blight,0.8289220929145813,1,validation,vgg16
validation_12,2026-02-03,potato,Potato___Late_Blight,Potato___Late_Blight,0.9999128580093384,1,validation,vgg16
validation_13,2026-02-03,potato,Potato___Early_Blight,Potato___Early_Blight,0.9865133166313171,1,validation,vgg16
validation_14,2026-02-03,potato,Potato___Healthy,Potato___Healthy,0.9989874958992004,1,validation,vgg16
validation_15,2026-02-03,potato,Potato___Late_Blight,Potato___Late_Blight,0.9996554851531982,1,validation,vgg16
validation_16,2026-02-03,potato,Potato___Late_Blight,Potato___Late_Blight,0.9999938011169434,1,validation,vgg16
validation_17,2026-02-03,potato,Potato___Late_Blight,Potato___Late_Blight,0.9999929666519165,1,validation,vgg16
validation_18,2026-02-03,potato,Potato___Early_Blight,Potato___Early_Blight,1.0,1,validation,vgg16
validation_19,2026-02-03,potato,Potato___Early_Blight,Potato___Early_Blight,0.9952430129051208,1,validation,vgg16
validation_20,2026-02-03,potato,Potato___Early_Blight,Potato___Early_Blight,1.0,1,validation,vgg16
validation_21,2026-02-03,potato,Potato___Late_Blight,Potato___Late_Blight,0.9347600936889648,1,validation,vgg16
validation_22,2026-02-03,potato,Potato___Early_Blight,Potato___Early_Blight,0.9999983310699463,1,validation,vgg16
validation_23,2026-02-03,potato,Potato___Early_Blight,Potato___Early_Blight,0.9999997615814209,1,validation,vgg16
validation_24,2026-02-03,potato,Potato___Late_Blight,Potato___Late_Blight,0.9999281167984009,1,validation,vgg16
validation_25,2026-02-03,potato,Potato___Early_Blight,Potato___Early_Blight,1.0,1,validation,vgg16
validation_26,2026-02-03,potato,Potato___Early_Blight,Potato___Early_Blight,0.9999998807907104,1,validation,vgg16
validation_27,2026-02-03,potato,Potato___Late_Blight,Potato___Late_Blight,0.9986853003501892,1,validation,vgg16
validation_28,2026-02-03,potato,Potato___Early_Blight,Potato___Early_Blight,0.996702253818512,1,validation,vgg16
validation_29,2026-02-03,potato,Potato___Early_Blight,Potato___Early_Blight,0.9999973773956299,1,validation,vgg16
validation_30,2026-02-03,potato,Potato___Late_Blight,Potato___Late_Blight,0.9999998807907104,1,validation,vgg16
validation_31,2026-02-03,potato,Potato___Early_Blight,Potato___Early_Blight,0.9997156262397766,1,validation,vgg16
validation_32,2026-02-03,potato,Potato___Late_Blight,Potato___Late_Blight,1.0,1,validation,vgg16
validation_33,2026-02-03,potato,Potato___Healthy,Potato___Late_Blight,0.8160822987556458,0,validation,vgg16
validation_34,2026-02-03,potato,Potato___Late_Blight,Potato___Late_Blight,0.9988874793052673,1,validation,vgg16
validation_35,2026-02-03,potato,Potato___Early_Blight,Potato___Early_Blight,0.9999651908874512,1,validation,vgg16
validation_36,2026-02-03,potato,Potato___Healthy,Potato___Healthy,0.9905604720115662,1,validation,vgg16
validation_37,2026-02-03,potato,Potato___Late_Blight,Potato___Late_Blight,0.9647842645645142,1,validation,vgg16
validation_38,2026-02-03,potato,Potato___Late_Blight,Potato___Late_Blight,0.9998618364334106,1,validation,vgg16
validation_39,2026-02-03,potato,Potato___Late_Blight,Potato___Late_Blight,0.9999426603317261,1,validation,vgg16
validation_40,2026-02-03,potato,Potato___Early_Blight,Potato___Early_Blight,0.9999971389770508,1,validation,vgg16
validation_41,2026-02-03,potato,Potato___Early_Blight,Potato___Early_Blight,0.999993085861206,1,validation,vgg16
validation_42,2026-02-03,potato,Potato___Early_Blight,Potato___Early_Blight,1.0,1,validation,vgg16
validation_43,2026-02-03,potato,Potato___Late_Blight,Potato___Late_Blight,0.999925971031189,1,validation,vgg16
validation_44,2026-02-03,potato,Potato___Early_Blight,Potato___Early_Blight,0.9999996423721313,1,validation,vgg16
validation_45,2026-02-03,potato,Potato___Late_Blight,Potato___Late_Blight,0.9999947547912598,1,validation,vgg16
validation_46,2026-02-03,potato,Potato___Early_Blight,Potato___Early_Blight,1.0,1,validation,vgg16
validation_47,2026-02-03,potato,Potato___Late_Blight,Potato___Late_Blight,0.9999992847442627,1,validation,vgg16
validation_48,2026-02-03,potato,Potato___Early_Blight,Potato___Early_Blight,0.9999815225601196,1,validation,vgg16
validation_49,2026-02-03,potato,Potato___Early_Blight,Potato___Early_Blight,0.9673465490341187,1,validation,vgg16
validation_50,2026-02-03,potato,Potato___Early_Blight,Potato___Early_Blight,1.0,1,validation,vgg16
validation_51,2026-02-03,potato,Potato___Early_Blight,Potato___Early_Blight,0.9985463619232178,1,validation,vgg16
validation_52,2026-02-03,potato,Potato___Early_Blight,Potato___Early_Blight,0.997083842754364,1,validation,vgg16
validation_53,2026-02-03,potato,Potato___Early_Blight,Potato___Early_Blight,0.999998927116394,1,validation,vgg16
validation_54,2026-02-03,potato,Potato___Early_Blight,Potato___Early_Blight,0.9999618530273438,1,validation,vgg16
validation_55,2026-02-03,potato,Potato___Late_Blight,Potato___Late_Blight,0.9999953508377075,1,validation,vgg16
validation_56,2026-02-03,potato,Potato___Late_Blight,Potato___Early_Blight,0.6961649656295776,0,validation,vgg16
validation_57,2026-02-03,potato,Potato___Early_Blight,Potato___Early_Blight,0.9996622800827026,1,validation,vgg16
validation_58,2026-02-03,potato,Potato___Late_Blight,Potato___Late_Blight,0.9999567270278931,1,validation,vgg16
validation_59,2026-02-03,potato,Potato___Late_Blight,Potato___Late_Blight,0.9987590312957764,1,validation,vgg16
validation_60,2026-02-03,potato,Potato___Early_Blight,Potato___Early_Blight,0.9999994039535522,1,validation,vgg16
validation_61,2026-02-03,potato,Potato___Late_Blight,Potato___Late_Blight,0.9997356534004211,1,validation,vgg16
validation_62,2026-02-03,potato,Potato___Late_Blight,Potato___Late_Blight,0.9999773502349854,1,validation,vgg16
validation_63,2026-02-03,potato,Potato___Late_Blight,Potato___Late_Blight,0.9999994039535522,1,validation,vgg16
validation_64,2026-02-03,potato,Potato___Late_Blight,Potato___Late_Blight,0.999998927116394,1,validation,vgg16
validation_65,2026-02-03,potato,Potato___Late_Blight,Potato___Late_Blight,0.9999545812606812,1,validation,vgg16
validation_66,2026-02-03,potato,Potato___Late_Blight,Potato___Late_Blight,0.9999581575393677,1,validation,vgg16
validation_67,2026-02-03,potato,Potato___Early_Blight,Potato___Early_Blight,0.9999892711639404,1,validation,vgg16
validation_68,2026-02-03,potato,Potato___Late_Blight,Potato___Late_Blight,0.9337974786758423,1,validation,vgg16
validation_69,2026-02-03,potato,Potato___Late_Blight,Potato___Late_Blight,0.9999827146530151,1,validation,vgg16
validation_70,2026-02-03,potato,Potato___Late_Blight,Potato___Late_Blight,0.9887469410896301,1,validation,vgg16
validation_71,2026-02-03,potato,Potato___Early_Blight,Potato___Early_Blight,0.9999715089797974,1,validation,vgg16
validation_72,2026-02-03,potato,Potato___Early_Blight,Potato___Early_Blight,0.9999946355819702,1,validation,vgg16
validation_73,2026-02-03,potato,Potato___Late_Blight,Potato___Late_Blight,0.9324639439582825,1,validation,vgg16
validation_74,2026-02-03,potato,Potato___Late_Blight,Potato___Late_Blight,1.0,1,validation,vgg16
validation_75,2026-02-03,potato,Potato___Early_Blight,Potato___Early_Blight,0.9996289014816284,1,validation,vgg16
validation_76,2026-02-03,potato,Potato___Late_Blight,Potato___Late_Blight,0.9999675750732422,1,validation,vgg16
validation_77,2026-02-03,potato,Potato___Late_Blight,Potato___Late_Blight,0.8258395195007324,1,validation,vgg16
validation_78,2026-02-03,potato,Potato___Late_Blight,Potato___Late_Blight,0.9987466335296631,1,validation,vgg16
validation_79,2026-02-03,potato,Potato___Late_Blight,Potato___Late_Blight,0.999901294708252,1,validation,vgg16
validation_80,2026-02-03,potato,Potato___Late_Blight,Potato___Late_Blight,0.9999033212661743,1,validation,vgg16
validation_81,2026-02-03,potato,Potato___Early_Blight,Potato___Early_Blight,0.9999998807907104,1,validation,vgg16
validation_82,2026-02-03,potato,Potato___Healthy,Potato___Late_Blight,0.5766979455947876,0,validation,vgg16
validation_83,2026-02-03,potato,Potato___Early_Blight,Potato___Early_Blight,0.9999995231628418,1,validation,vgg16
validation_84,2026-02-03,potato,Potato___Late_Blight,Potato___Late_Blight,0.9999872446060181,1,validation,vgg16
validation_85,2026-02-03,potato,Potato___Late_Blight,Potato___Late_Blight,0.9930427074432373,1,validation,vgg16
validation_86,2026-02-03,potato,Potato___Early_Blight,Potato___Early_Blight,1.0,1,validation,vgg16
validation_87,2026-02-03,potato,Potato___Early_Blight,Potato___Early_Blight,0.9999890327453613,1,validation,vgg16
validation_88,2026-02-03,potato,Potato___Late_Blight,Potato___Late_Blight,0.9999988079071045,1,validation,vgg16
validation_89,2026-02-03,potato,Potato___Healthy,Potato___Healthy,0.926207423210144,1,validation,vgg16
validation_90,2026-02-03,potato,Potato___Early_Blight,Potato___Early_Blight,1.0,1,validation,vgg16
validation_91,2026-02-03,potato,Potato___Early_Blight,Potato___Early_Blight,0.9999923706054688,1,validation,vgg16
validation_92,2026-02-03,potato,Potato___Early_Blight,Potato___Early_Blight,1.0,1,validation,vgg16
validation_93,2026-02-03,potato,Potato___Healthy,Potato___Healthy,0.807658851146698,1,validation,vgg16
validation_94,2026-02-03,potato,Potato___Late_Blight,Potato___Late_Blight,0.9999254941940308,1,validation,vgg16
validation_95,2026-02-03,potato,Potato___Late_Blight,Potato___Late_Blight,0.9999961853027344,1,validation,vgg16
validation_96,2026-02-03,potato,Potato___Late_Blight,Potato___Late_Blight,0.9999771118164062,1,validation,vgg16
validation_97,2026-02-03,potato,Potato___Early_Blight,Potato___Early_Blight,0.9999101161956787,1,validation,vgg16
validation_98,2026-02-03,potato,Potato___Early_Blight,Potato___Early_Blight,0.9997554421424866,1,validation,vgg16
validation_99,2026-02-03,potato,Potato___Early_Blight,Potato___Early_Blight,0.9999978542327881,1,validation,vgg16
validation_100,2026-02-03,potato,Potato___Early_Blight,Potato___Early_Blight,1.0,1,validation,vgg16
validation_101,2026-02-03,potato,Potato___Healthy,Potato___Healthy,0.9907111525535583,1,validation,vgg16
validation_102,2026-02-03,potato,Potato___Late_Blight,Potato___Late_Blight,0.9815894961357117,1,validation,vgg16
validation_103,2026-02-03,potato,Potato___Late_Blight,Potato___Late_Blight,0.7935038805007935,1,validation,vgg16
validation_104,2026-02-03,potato,Potato___Early_Blight,Potato___Early_Blight,0.9999337196350098,1,validation,vgg16
validation_105,2026-02-03,potato,Potato___Early_Blight,Potato___Early_Blight,0.9640459418296814,1,validation,vgg16
validation_106,2026-02-03,potato,Potato___Late_Blight,Potato___Late_Blight,0.9995587468147278,1,validation,vgg16
validation_107,2026-02-03,potato,Potato___Healthy,Potato___Healthy,0.7411566376686096,1,validation,vgg16
validation_108,2026-02-03,potato,Potato___Late_Blight,Potato___Late_Blight,0.9999955892562866,1,validation,vgg16
validation_109,2026-02-03,potato,Potato___Early_Blight,Potato___Early_Blight,0.9993574023246765,1,validation,vgg16
validation_110,2026-02-03,potato,Potato___Late_Blight,Potato___Late_Blight,0.9999998807907104,1,validation,vgg16
validation_111,2026-02-03,potato,Potato___Late_Blight,Potato___Late_Blight,0.9999996423721313,1,validation,vgg16
validation_112,2026-02-03,potato,Potato___Late_Blight,Potato___Late_Blight,0.9999226331710815,1,validation,vgg16
validation_113,2026-02-03,potato,Potato___Early_Blight,Potato___Early_Blight,0.9999996423721313,1,validation,vgg16
validation_114,2026-02-03,potato,Potato___Early_Blight,Potato___Early_Blight,0.9997326731681824,1,validation,vgg16
validation_115,2026-02-03,potato,Potato___Late_Blight,Potato___Late_Blight,0.8861532807350159,1,validation,vgg16
validation_116,2026-02-03,potato,Potato___Early_Blight,Potato___Early_Blight,0.996004045009613,1,validation,vgg16
validation_117,2026-02-03,potato,Potato___Late_Blight,Potato___Late_Blight,0.99856036901474,1,validation,vgg16
validation_118,2026-02-03,potato,Potato___Early_Blight,Potato___Early_Blight,0.9582388401031494,1,validation,vgg16
validation_119,2026-02-03,potato,Potato___Early_Blight,Potato___Early_Blight,1.0,1,validation,vgg16
validation_120,2026-02-03,potato,Potato___Late_Blight,Potato___Late_Blight,0.997664213180542,1,validation,vgg16
validation_121,2026-02-03,potato,Potato___Late_Blight,Potato___Late_Blight,0.9999963045120239,1,validation,vgg16
validation_122,2026-02-03,potato,Potato___Early_Blight,Potato___Early_Blight,0.9999939203262329,1,validation,vgg16
validation_123,2026-02-03,potato,Potato___Late_Blight,Potato___Late_Blight,0.9991042017936707,1,validation,vgg16
validation_124,2026-02-03,potato,Potato___Late_Blight,Potato___Late_Blight,0.9997403025627136,1,validation,vgg16
validation_125,2026-02-03,potato,Potato___Early_Blight,Potato___Early_Blight,0.9999998807907104,1,validation,vgg16
validation_126,2026-02-03,potato,Potato___Early_Blight,Potato___Early_Blight,0.9968474507331848,1,validation,vgg16
validation_127,2026-02-03,potato,Potato___Healthy,Potato___Healthy,0.9998917579650879,1,validation,vgg16
validation_128,2026-02-03,potato,Potato___Late_Blight,Potato___Late_Blight,0.9933434724807739,1,validation,vgg16
validation_129,2026-02-03,potato,Potato___Late_Blight,Potato___Late_Blight,0.999994158744812,1,validation,vgg16
validation_130,2026-02-03,potato,Potato___Early_Blight,Potato___Early_Blight,0.9999899864196777,1,validation,vgg16
validation_131,2026-02-03,potato,Potato___Late_Blight,Potato___Late_Blight,0.9999967813491821,1,validation,vgg16
validation_132,2026-02-03,potato,Potato___Late_Blight,Potato___Late_Blight,0.9999891519546509,1,validation,vgg16
validation_133,2026-02-03,potato,Potato___Late_Blight,Potato___Late_Blight,0.7943503260612488,1,validation,vgg16
validation_134,2026-02-03,potato,Potato___Late_Blight,Potato___Late_Blight,0.9998908042907715,1,validation,vgg16
validation_135,2026-02-03,potato,Potato___Early_Blight,Potato___Early_Blight,1.0,1,validation,vgg16
validation_136,2026-02-03,potato,Potato___Late_Blight,Potato___Late_Blight,0.9954173564910889,1,validation,vgg16
validation_137,2026-02-03,potato,Potato___Late_Blight,Potato___Late_Blight,0.9993467926979065,1,validation,vgg16
validation_138,2026-02-03,potato,Potato___Late_Blight,Potato___Late_Blight,0.9999499320983887,1,validation,vgg16
validation_139,2026-02-03,potato,Potato___Early_Blight,Potato___Early_Blight,0.9999994039535522,1,validation,vgg16
validation_140,2026-02-03,potato,Potato___Early_Blight,Potato___Early_Blight,0.997606635093689,1,validation,vgg16
validation_141,2026-02-03,potato,Potato___Early_Blight,Potato___Early_Blight,0.9999988079071045,1,validation,vgg16
validation_142,2026-02-03,potato,Potato___Early_Blight,Potato___Early_Blight,0.9993993043899536,1,validation,vgg16
validation_143,2026-02-03,potato,Potato___Early_Blight,Potato___Early_Blight,0.9999929666519165,1,validation,vgg16
validation_144,2026-02-03,potato,Potato___Late_Blight,Potato___Late_Blight,0.9999300241470337,1,validation,vgg16
validation_145,2026-02-03,potato,Potato___Early_Blight,Potato___Early_Blight,0.9999998807907104,1,validation,vgg16
validation_146,2026-02-03,potato,Potato___Late_Blight,Potato___Late_Blight,0.9998563528060913,1,validation,vgg16
validation_147,2026-02-03,potato,Potato___Early_Blight,Potato___Early_Blight,0.9999970197677612,1,validation,vgg16
validation_148,2026-02-03,potato,Potato___Early_Blight,Potato___Early_Blight,1.0,1,validation,vgg16
validation_149,2026-02-03,potato,Potato___Late_Blight,Potato___Late_Blight,0.9975414276123047,1,validation,vgg16
validation_150,2026-02-03,potato,Potato___Early_Blight,Potato___Early_Blight,0.9800757169723511,1,validation,vgg16
validation_151,2026-02-03,potato,Potato___Late_Blight,Potato___Late_Blight,0.9986782670021057,1,validation,vgg16
validation_152,2026-02-03,potato,Potato___Early_Blight,Potato___Early_Blight,1.0,1,validation,vgg16
validation_153,2026-02-03,potato,Potato___Early_Blight,Potato___Early_Blight,0.9999631643295288,1,validation,vgg16
validation_154,2026-02-03,potato,Potato___Early_Blight,Potato___Early_Blight,0.9999845027923584,1,validation,vgg16
validation_155,2026-02-03,potato,Potato___Early_Blight,Potato___Early_Blight,0.9999972581863403,1,validation,vgg16
validation_156,2026-02-03,potato,Potato___Early_Blight,Potato___Early_Blight,0.9999996423721313,1,validation,vgg16
validation_157,2026-02-03,potato,Potato___Early_Blight,Potato___Early_Blight,0.9944832921028137,1,validation,vgg16
validation_158,2026-02-03,potato,Potato___Early_Blight,Potato___Early_Blight,1.0,1,validation,vgg16
validation_159,2026-02-03,potato,Potato___Late_Blight,Potato___Late_Blight,0.9999988079071045,1,validation,vgg16
validation_160,2026-02-03,potato,Potato___Late_Blight,Potato___Late_Blight,0.9999996423721313,1,validation,vgg16
validation_161,2026-02-03,potato,Potato___Late_Blight,Potato___Late_Blight,0.9914844632148743,1,validation,vgg16
validation_162,2026-02-03,potato,Potato___Early_Blight,Potato___Early_Blight,0.9999997615814209,1,validation,vgg16
validation_163,2026-02-03,potato,Potato___Healthy,Potato___Healthy,0.4959174394607544,1,validation,vgg16
validation_164,2026-02-03,potato,Potato___Late_Blight,Potato___Late_Blight,0.9997562766075134,1,validation,vgg16
validation_165,2026-02-03,potato,Potato___Healthy,Potato___Healthy,0.9948776960372925,1,validation,vgg16
validation_166,2026-02-03,potato,Potato___Late_Blight,Potato___Late_Blight,0.9994224309921265,1,validation,vgg16
validation_167,2026-02-03,potato,Potato___Early_Blight,Potato___Early_Blight,1.0,1,validation,vgg16
validation_168,2026-02-03,potato,Potato___Late_Blight,Potato___Late_Blight,0.9999380111694336,1,validation,vgg16
validation_169,2026-02-03,potato,Potato___Late_Blight,Potato___Late_Blight,0.9999068975448608,1,validation,vgg16
validation_170,2026-02-03,potato,Potato___Late_Blight,Potato___Late_Blight,0.9860966801643372,1,validation,vgg16
validation_171,2026-02-03,potato,Potato___Late_Blight,Potato___Late_Blight,0.9999359846115112,1,validation,vgg16
validation_172,2026-02-03,potato,Potato___Late_Blight,Potato___Late_Blight,0.9999924898147583,1,validation,vgg16
validation_173,2026-02-03,potato,Potato___Late_Blight,Potato___Late_Blight,0.999955415725708,1,validation,vgg16
validation_174,2026-02-03,potato,Potato___Early_Blight,Potato___Early_Blight,0.9999314546585083,1,validation,vgg16
validation_175,2026-02-03,potato,Potato___Late_Blight,Potato___Late_Blight,0.9998703002929688,1,validation,vgg16
validation_176,2026-02-03,potato,Potato___Late_Blight,Potato___Late_Blight,0.9999616146087646,1,validation,vgg16
validation_177,2026-02-03,potato,Potato___Early_Blight,Potato___Early_Blight,1.0,1,validation,vgg16
validation_178,2026-02-03,potato,Potato___Late_Blight,Potato___Late_Blight,0.8641912937164307,1,validation,vgg16
validation_179,2026-02-03,potato,Potato___Late_Blight,Potato___Late_Blight,0.9914230704307556,1,validation,vgg16
validation_180,2026-02-03,potato,Potato___Early_Blight,Potato___Early_Blight,0.9990577101707458,1,validation,vgg16
validation_181,2026-02-03,potato,Potato___Early_Blight,Potato___Early_Blight,0.997635006904602,1,validation,vgg16
validation_182,2026-02-03,potato,Potato___Early_Blight,Potato___Early_Blight,0.999997615814209,1,validation,vgg16
validation_183,2026-02-03,potato,Potato___Early_Blight,Potato___Early_Blight,1.0,1,validation,vgg16
validation_184,2026-02-03,potato,Potato___Healthy,Potato___Healthy,0.9976199269294739,1,validation,vgg16
validation_185,2026-02-03,potato,Potato___Late_Blight,Potato___Late_Blight,0.9998667240142822,1,validation,vgg16
validation_186,2026-02-03,potato,Potato___Early_Blight,Potato___Early_Blight,0.9999474287033081,1,validation,vgg16
validation_187,2026-02-03,potato,Potato___Early_Blight,Potato___Early_Blight,0.9996700286865234,1,validation,vgg16
validation_188,2026-02-03,potato,Potato___Late_Blight,Potato___Late_Blight,0.9997661709785461,1,validation,vgg16
validation_189,2026-02-03,potato,Potato___Late_Blight,Potato___Late_Blight,0.9999911785125732,1,validation,vgg16
validation_190,2026-02-03,potato,Potato___Late_Blight,Potato___Late_Blight,0.9994439482688904,1,validation,vgg16
validation_191,2026-02-03,potato,Potato___Early_Blight,Potato___Early_Blight,0.9999145269393921,1,validation,vgg16
validation_192,2026-02-03,potato,Potato___Early_Blight,Potato___Early_Blight,0.9206692576408386,1,validation,vgg16
validation_193,2026-02-03,potato,Potato___Late_Blight,Potato___Late_Blight,0.9999998807907104,1,validation,vgg16
validation_194,2026-02-03,potato,Potato___Early_Blight,Potato___Early_Blight,1.0,1,validation,vgg16
validation_195,2026-02-03,potato,Potato___Early_Blight,Potato___Early_Blight,0.9999188184738159,1,validation,vgg16
validation_196,2026-02-03,potato,Potato___Early_Blight,Potato___Early_Blight,0.999998927116394,1,validation,vgg16
validation_197,2026-02-03,potato,Potato___Late_Blight,Potato___Late_Blight,0.9966523051261902,1,validation,vgg16
validation_198,2026-02-03,potato,Potato___Early_Blight,Potato___Early_Blight,0.9999878406524658,1,validation,vgg16
validation_199,2026-02-03,potato,Potato___Late_Blight,Potato___Late_Blight,0.9999949932098389,1,validation,vgg16
validation_200,2026-02-03,potato,Potato___Late_Blight,Potato___Late_Blight,0.9982843995094299,1,validation,vgg16
validation_201,2026-02-03,potato,Potato___Early_Blight,Potato___Early_Blight,1.0,1,validation,vgg16
validation_202,2026-02-03,potato,Potato___Late_Blight,Potato___Late_Blight,0.9999982118606567,1,validation,vgg16
validation_203,2026-02-03,potato,Potato___Early_Blight,Potato___Early_Blight,0.9999895095825195,1,validation,vgg16
validation_204,2026-02-03,potato,Potato___Late_Blight,Potato___Late_Blight,0.9994150400161743,1,validation,vgg16
validation_205,2026-02-03,potato,Potato___Late_Blight,Potato___Late_Blight,0.9999692440032959,1,validation,vgg16
validation_206,2026-02-03,potato,Potato___Late_Blight,Potato___Late_Blight,0.9970454573631287,1,validation,vgg16
validation_207,2026-02-03,potato,Potato___Early_Blight,Potato___Early_Blight,1.0,1,validation,vgg16
validation_208,2026-02-03,potato,Potato___Early_Blight,Potato___Early_Blight,0.9999964237213135,1,validation,vgg16
validation_209,2026-02-03,potato,Potato___Late_Blight,Potato___Late_Blight,0.9999992847442627,1,validation,vgg16
validation_210,2026-02-03,potato,Potato___Early_Blight,Potato___Early_Blight,0.9992285966873169,1,validation,vgg16
validation_211,2026-02-03,potato,Potato___Late_Blight,Potato___Late_Blight,0.9861245155334473,1,validation,vgg16
validation_212,2026-02-03,potato,Potato___Early_Blight,Potato___Early_Blight,0.9999872446060181,1,validation,vgg16
validation_213,2026-02-03,potato,Potato___Late_Blight,Potato___Late_Blight,0.9999735355377197,1,validation,vgg16
validation_214,2026-02-03,potato,Potato___Early_Blight,Potato___Early_Blight,0.9980552196502686,1,validation,vgg16
validation_215,2026-02-03,potato,Potato___Early_Blight,Potato___Early_Blight,0.9994155168533325,1,validation,vgg16
validation_216,2026-02-03,potato,Potato___Late_Blight,Potato___Late_Blight,0.9997034668922424,1,validation,vgg16
validation_217,2026-02-03,potato,Potato___Healthy,Potato___Healthy,0.9980205297470093,1,validation,vgg16
validation_218,2026-02-03,potato,Potato___Late_Blight,Potato___Late_Blight,0.9999575614929199,1,validation,vgg16
validation_219,2026-02-03,potato,Potato___Early_Blight,Potato___Early_Blight,0.9999953508377075,1,validation,vgg16
validation_220,2026-02-03,potato,Potato___Early_Blight,Potato___Early_Blight,0.9999713897705078,1,validation,vgg16
validation_221,2026-02-03,potato,Potato___Late_Blight,Potato___Late_Blight,0.9999992847442627,1,validation,vgg16
validation_222,2026-02-03,potato,Potato___Early_Blight,Potato___Early_Blight,0.9999810457229614,1,validation,vgg16
validation_223,2026-02-03,potato,Potato___Late_Blight,Potato___Late_Blight,0.9974985718727112,1,validation,vgg16
validation_224,2026-02-03,potato,Potato___Late_Blight,Potato___Late_Blight,0.9999808073043823,1,validation,vgg16
validation_225,2026-02-03,potato,Potato___Early_Blight,Potato___Early_Blight,0.9995235204696655,1,validation,vgg16
validation_226,2026-02-03,potato,Potato___Early_Blight,Potato___Early_Blight,0.9999836683273315,1,validation,vgg16
validation_227,2026-02-03,potato,Potato___Late_Blight,Potato___Late_Blight,0.9850483536720276,1,validation,vgg16
validation_228,2026-02-03,potato,Potato___Late_Blight,Potato___Late_Blight,0.999992847442627,1,validation,vgg16
validation_229,2026-02-03,potato,Potato___Early_Blight,Potato___Early_Blight,0.9999984502792358,1,validation,vgg16
validation_230,2026-02-03,potato,Potato___Late_Blight,Potato___Late_Blight,0.9997005462646484,1,validation,vgg16
validation_231,2026-02-03,potato,Potato___Late_Blight,Potato___Late_Blight,0.9999998807907104,1,validation,vgg16
validation_232,2026-02-03,potato,Potato___Early_Blight,Potato___Early_Blight,0.9999990463256836,1,validation,vgg16
validation_233,2026-02-03,potato,Potato___Healthy,Potato___Late_Blight,0.902459979057312,0,validation,vgg16
validation_234,2026-02-03,potato,Potato___Late_Blight,Potato___Late_Blight,0.9998693466186523,1,validation,vgg16
validation_235,2026-02-03,potato,Potato___Late_Blight,Potato___Late_Blight,0.9997535347938538,1,validation,vgg16
validation_236,2026-02-03,potato,Potato___Late_Blight,Potato___Late_Blight,0.999995231628418,1,validation,vgg16
validation_237,2026-02-03,potato,Potato___Late_Blight,Potato___Late_Blight,0.9999995231628418,1,validation,vgg16
validation_238,2026-02-03,potato,Potato___Late_Blight,Potato___Late_Blight,0.9802860617637634,1,validation,vgg16
validation_239,2026-02-03,potato,Potato___Late_Blight,Potato___Late_Blight,0.9869287014007568,1,validation,vgg16
validation_240,2026-02-03,potato,Potato___Late_Blight,Potato___Late_Blight,0.9999902248382568,1,validation,vgg16
validation_241,2026-02-03,potato,Potato___Late_Blight,Potato___Late_Blight,0.9999624490737915,1,validation,vgg16
validation_242,2026-02-03,potato,Potato___Early_Blight,Potato___Early_Blight,0.9999988079071045,1,validation,vgg16
validation_243,2026-02-03,potato,Potato___Early_Blight,Potato___Early_Blight,1.0,1,validation,vgg16
validation_244,2026-02-03,potato,Potato___Late_Blight,Potato___Late_Blight,0.9957848191261292,1,validation,vgg16
validation_245,2026-02-03,potato,Potato___Late_Blight,Potato___Late_Blight,0.9999949932098389,1,validation,vgg16
validation_246,2026-02-03,potato,Potato___Early_Blight,Potato___Early_Blight,0.9999990463256836,1,validation,vgg16
validation_247,2026-02-03,potato,Potato___Late_Blight,Potato___Late_Blight,0.9995666146278381,1,validation,vgg16
validation_248,2026-02-03,potato,Potato___Late_Blight,Potato___Late_Blight,0.9913819432258606,1,validation,vgg16
validation_249,2026-02-03,potato,Potato___Early_Blight,Potato___Early_Blight,0.9999921321868896,1,validation,vgg16
validation_250,2026-02-03,potato,Potato___Healthy,Potato___Healthy,0.9772639274597168,1,validation,vgg16
validation_251,2026-02-03,potato,Potato___Early_Blight,Potato___Early_Blight,0.9888694286346436,1,validation,vgg16
validation_252,2026-02-03,potato,Potato___Early_Blight,Potato___Early_Blight,0.9999538660049438,1,validation,vgg16
validation_253,2026-02-03,potato,Potato___Early_Blight,Potato___Early_Blight,0.9999996423721313,1,validation,vgg16
validation_254,2026-02-03,potato,Potato___Healthy,Potato___Healthy,0.9867270588874817,1,validation,vgg16
validation_255,2026-02-03,potato,Potato___Late_Blight,Potato___Late_Blight,0.9953397512435913,1,validation,vgg16
validation_256,2026-02-03,potato,Potato___Late_Blight,Potato___Late_Blight,0.8486887812614441,1,validation,vgg16
validation_257,2026-02-03,potato,Potato___Healthy,Potato___Healthy,0.6921663880348206,1,validation,vgg16
validation_258,2026-02-03,potato,Potato___Late_Blight,Potato___Late_Blight,0.9999697208404541,1,validation,vgg16
validation_259,2026-02-03,potato,Potato___Late_Blight,Potato___Late_Blight,0.9999994039535522,1,validation,vgg16
validation_260,2026-02-03,potato,Potato___Late_Blight,Potato___Late_Blight,0.9998233914375305,1,validation,vgg16
validation_261,2026-02-03,potato,Potato___Healthy,Potato___Healthy,0.9978981018066406,1,validation,vgg16
validation_262,2026-02-03,potato,Potato___Early_Blight,Potato___Early_Blight,0.9999998807907104,1,validation,vgg16
validation_263,2026-02-03,potato,Potato___Early_Blight,Potato___Early_Blight,0.9998157620429993,1,validation,vgg16
validation_264,2026-02-03,potato,Potato___Early_Blight,Potato___Early_Blight,0.9999929666519165,1,validation,vgg16
validation_265,2026-02-03,potato,Potato___Late_Blight,Potato___Late_Blight,0.9863808751106262,1,validation,vgg16
validation_266,2026-02-03,potato,Potato___Early_Blight,Potato___Early_Blight,0.9999958276748657,1,validation,vgg16
validation_267,2026-02-03,potato,Potato___Late_Blight,Potato___Late_Blight,0.9999979734420776,1,validation,vgg16
validation_268,2026-02-03,potato,Potato___Late_Blight,Potato___Late_Blight,0.9886471629142761,1,validation,vgg16
validation_269,2026-02-03,potato,Potato___Early_Blight,Potato___Early_Blight,0.9999411106109619,1,validation,vgg16
validation_270,2026-02-03,potato,Potato___Late_Blight,Potato___Late_Blight,0.8528401255607605,1,validation,vgg16
validation_271,2026-02-03,potato,Potato___Late_Blight,Potato___Late_Blight,0.9999370574951172,1,validation,vgg16
validation_272,2026-02-03,potato,Potato___Early_Blight,Potato___Early_Blight,0.9999977350234985,1,validation,vgg16
validation_273,2026-02-03,potato,Potato___Late_Blight,Potato___Late_Blight,0.9401969313621521,1,validation,vgg16
validation_274,2026-02-03,potato,Potato___Early_Blight,Potato___Early_Blight,0.9555320143699646,1,validation,vgg16
validation_275,2026-02-03,potato,Potato___Early_Blight,Potato___Early_Blight,0.9977086782455444,1,validation,vgg16
validation_276,2026-02-03,potato,Potato___Early_Blight,Potato___Early_Blight,0.999619722366333,1,validation,vgg16
validation_277,2026-02-03,potato,Potato___Early_Blight,Potato___Early_Blight,1.0,1,validation,vgg16
validation_278,2026-02-03,potato,Potato___Early_Blight,Potato___Early_Blight,0.9995842576026917,1,validation,vgg16
validation_279,2026-02-03,potato,Potato___Early_Blight,Potato___Early_Blight,0.9999740123748779,1,validation,vgg16
validation_280,2026-02-03,potato,Potato___Late_Blight,Potato___Late_Blight,0.9755151867866516,1,validation,vgg16
validation_281,2026-02-03,potato,Potato___Late_Blight,Potato___Late_Blight,0.9999961853027344,1,validation,vgg16
validation_282,2026-02-03,potato,Potato___Late_Blight,Potato___Late_Blight,0.9999994039535522,1,validation,vgg16
validation_283,2026-02-03,potato,Potato___Late_Blight,Potato___Late_Blight,0.9987504482269287,1,validation,vgg16
validation_284,2026-02-03,potato,Potato___Late_Blight,Potato___Late_Blight,0.9986166954040527,1,validation,vgg16
validation_285,2026-02-03,potato,Potato___Early_Blight,Potato___Early_Blight,0.9929764866828918,1,validation,vgg16
validation_286,2026-02-03,potato,Potato___Early_Blight,Potato___Early_Blight,0.9999991655349731,1,validation,vgg16
validation_287,2026-02-03,potato,Potato___Late_Blight,Potato___Late_Blight,0.9979177117347717,1,validation,vgg16
validation_288,2026-02-03,potato,Potato___Healthy,Potato___Healthy,0.9855764508247375,1,validation,vgg16
validation_289,2026-02-03,potato,Potato___Late_Blight,Potato___Late_Blight,0.989821195602417,1,validation,vgg16
validation_290,2026-02-03,potato,Potato___Early_Blight,Potato___Early_Blight,1.0,1,validation,vgg16
validation_291,2026-02-03,potato,Potato___Early_Blight,Potato___Early_Blight,1.0,1,validation,vgg16
validation_292,2026-02-03,potato,Potato___Early_Blight,Potato___Early_Blight,1.0,1,validation,vgg16
validation_293,2026-02-03,potato,Potato___Late_Blight,Potato___Late_Blight,0.9999967813491821,1,validation,vgg16
validation_294,2026-02-03,potato,Potato___Early_Blight,Potato___Early_Blight,0.9995958209037781,1,validation,vgg16
validation_295,2026-02-03,potato,Potato___Late_Blight,Potato___Late_Blight,0.9997965693473816,1,validation,vgg16
validation_296,2026-02-03,potato,Potato___Late_Blight,Potato___Late_Blight,0.9995949864387512,1,validation,vgg16
validation_297,2026-02-03,potato,Potato___Late_Blight,Potato___Late_Blight,0.9992541670799255,1,validation,vgg16
validation_298,2026-02-03,potato,Potato___Late_Blight,Potato___Late_Blight,0.9999393224716187,1,validation,vgg16
validation_299,2026-02-03,potato,Potato___Healthy,Potato___Healthy,0.9980387091636658,1,validation,vgg16
validation_300,2026-02-03,potato,Potato___Late_Blight,Potato___Late_Blight,0.9999357461929321,1,validation,vgg16
validation_301,2026-02-03,potato,Potato___Healthy,Potato___Late_Blight,0.9915664792060852,0,validation,vgg16
validation_302,2026-02-03,potato,Potato___Late_Blight,Potato___Late_Blight,0.9998170733451843,1,validation,vgg16
validation_303,2026-02-03,potato,Potato___Early_Blight,Potato___Early_Blight,0.9999964237213135,1,validation,vgg16
validation_304,2026-02-03,potato,Potato___Early_Blight,Potato___Early_Blight,0.9999850988388062,1,validation,vgg16
validation_305,2026-02-03,potato,Potato___Early_Blight,Potato___Early_Blight,0.9999994039535522,1,validation,vgg16
validation_306,2026-02-03,potato,Potato___Healthy,Potato___Healthy,0.9999163150787354,1,validation,vgg16
validation_307,2026-02-03,potato,Potato___Late_Blight,Potato___Late_Blight,0.9999935626983643,1,validation,vgg16
validation_308,2026-02-03,potato,Potato___Late_Blight,Potato___Late_Blight,0.9996589422225952,1,validation,vgg16
validation_309,2026-02-03,potato,Potato___Late_Blight,Potato___Late_Blight,0.9972220659255981,1,validation,vgg16
validation_310,2026-02-03,potato,Potato___Early_Blight,Potato___Early_Blight,0.7410584092140198,1,validation,vgg16
validation_311,2026-02-03,potato,Potato___Early_Blight,Potato___Early_Blight,0.9976640939712524,1,validation,vgg16
validation_312,2026-02-03,potato,Potato___Early_Blight,Potato___Early_Blight,0.9999998807907104,1,validation,vgg16
validation_313,2026-02-03,potato,Potato___Early_Blight,Potato___Early_Blight,0.9968445301055908,1,validation,vgg16
validation_314,2026-02-03,potato,Potato___Late_Blight,Potato___Late_Blight,0.999991774559021,1,validation,vgg16
validation_315,2026-02-03,potato,Potato___Late_Blight,Potato___Late_Blight,0.9999649524688721,1,validation,vgg16
validation_316,2026-02-03,potato,Potato___Early_Blight,Potato___Early_Blight,0.9999998807907104,1,validation,vgg16
validation_317,2026-02-03,potato,Potato___Early_Blight,Potato___Early_Blight,0.9999996423721313,1,validation,vgg16
validation_318,2026-02-03,potato,Potato___Late_Blight,Potato___Late_Blight,0.9999613761901855,1,validation,vgg16
validation_319,2026-02-03,potato,Potato___Late_Blight,Potato___Late_Blight,0.9966017007827759,1,validation,vgg16
validation_320,2026-02-03,potato,Potato___Late_Blight,Potato___Late_Blight,0.9999991655349731,1,validation,vgg16
validation_321,2026-02-03,potato,Potato___Late_Blight,Potato___Late_Blight,0.9999845027923584,1,validation,vgg16
validation_322,2026-02-03,potato,Potato___Healthy,Potato___Healthy,0.9939794540405273,1,validation,vgg16
validation_323,2026-02-03,potato,Potato___Early_Blight,Potato___Early_Blight,0.9999972581863403,1,validation,vgg16
validation_324,2026-02-03,potato,Potato___Late_Blight,Potato___Late_Blight,0.999954342842102,1,validation,vgg16
validation_325,2026-02-03,potato,Potato___Late_Blight,Potato___Late_Blight,0.9200773239135742,1,validation,vgg16
validation_326,2026-02-03,potato,Potato___Late_Blight,Potato___Late_Blight,0.9999793767929077,1,validation,vgg16
validation_327,2026-02-03,potato,Potato___Late_Blight,Potato___Late_Blight,0.9998244643211365,1,validation,vgg16
validation_328,2026-02-03,potato,Potato___Early_Blight,Potato___Early_Blight,0.9999964237213135,1,validation,vgg16
validation_329,2026-02-03,potato,Potato___Healthy,Potato___Healthy,0.9969270825386047,1,validation,vgg16
validation_330,2026-02-03,potato,Potato___Early_Blight,Potato___Early_Blight,1.0,1,validation,vgg16
validation_331,2026-02-03,potato,Potato___Early_Blight,Potato___Early_Blight,0.9999641180038452,1,validation,vgg16
validation_332,2026-02-03,potato,Potato___Early_Blight,Potato___Early_Blight,0.9999927282333374,1,validation,vgg16
validation_333,2026-02-03,potato,Potato___Late_Blight,Potato___Late_Blight,0.9999915361404419,1,validation,vgg16
validation_334,2026-02-03,potato,Potato___Late_Blight,Potato___Late_Blight,0.999980092048645,1,validation,vgg16
validation_335,2026-02-03,potato,Potato___Late_Blight,Potato___Late_Blight,0.999869704246521,1,validation,vgg16
validation_336,2026-02-03,potato,Potato___Early_Blight,Potato___Early_Blight,0.9999940395355225,1,validation,vgg16
validation_337,2026-02-03,potato,Potato___Late_Blight,Potato___Late_Blight,0.9998231530189514,1,validation,vgg16
validation_338,2026-02-03,potato,Potato___Early_Blight,Potato___Early_Blight,0.661681056022644,1,validation,vgg16
validation_339,2026-02-03,potato,Potato___Late_Blight,Potato___Late_Blight,0.9942130446434021,1,validation,vgg16
validation_340,2026-02-03,potato,Potato___Early_Blight,Potato___Early_Blight,0.9999829530715942,1,validation,vgg16
validation_341,2026-02-03,potato,Potato___Late_Blight,Potato___Late_Blight,0.9999992847442627,1,validation,vgg16
validation_342,2026-02-03,potato,Potato___Early_Blight,Potato___Early_Blight,0.9957857728004456,1,validation,vgg16
validation_343,2026-02-03,potato,Potato___Late_Blight,Potato___Late_Blight,0.9999390840530396,1,validation,vgg16
validation_344,2026-02-03,potato,Potato___Early_Blight,Potato___Early_Blight,0.9986351132392883,1,validation,vgg16
validation_345,2026-02-03,potato,Potato___Early_Blight,Potato___Early_Blight,0.9999927282333374,1,validation,vgg16
validation_346,2026-02-03,potato,Potato___Early_Blight,Potato___Early_Blight,0.9997501969337463,1,validation,vgg16
validation_347,2026-02-03,potato,Potato___Early_Blight,Potato___Early_Blight,0.9999998807907104,1,validation,vgg16
validation_348,2026-02-03,potato,Potato___Late_Blight,Potato___Late_Blight,0.9998780488967896,1,validation,vgg16
validation_349,2026-02-03,potato,Potato___Late_Blight,Potato___Late_Blight,0.999998927116394,1,validation,vgg16
validation_350,2026-02-03,potato,Potato___Healthy,Potato___Late_Blight,0.8277403712272644,0,validation,vgg16
validation_351,2026-02-03,potato,Potato___Early_Blight,Potato___Early_Blight,0.9984662532806396,1,validation,vgg16
validation_352,2026-02-03,potato,Potato___Late_Blight,Potato___Late_Blight,0.9993151426315308,1,validation,vgg16
validation_353,2026-02-03,potato,Potato___Early_Blight,Potato___Early_Blight,1.0,1,validation,vgg16
validation_354,2026-02-03,potato,Potato___Early_Blight,Potato___Early_Blight,0.9999986886978149,1,validation,vgg16
validation_355,2026-02-03,potato,Potato___Late_Blight,Potato___Late_Blight,0.9997307658195496,1,validation,vgg16
validation_356,2026-02-03,potato,Potato___Late_Blight,Potato___Late_Blight,0.9999902248382568,1,validation,vgg16
validation_357,2026-02-03,potato,Potato___Early_Blight,Potato___Early_Blight,0.9999994039535522,1,validation,vgg16
validation_358,2026-02-03,potato,Potato___Early_Blight,Potato___Early_Blight,1.0,1,validation,vgg16
validation_359,2026-02-03,potato,Potato___Late_Blight,Potato___Late_Blight,0.9584062695503235,1,validation,vgg16
validation_360,2026-02-03,potato,Potato___Healthy,Potato___Healthy,0.9890340566635132,1,validation,vgg16
validation_361,2026-02-03,potato,Potato___Early_Blight,Potato___Early_Blight,0.9999933242797852,1,validation,vgg16
validation_362,2026-02-03,potato,Potato___Late_Blight,Potato___Late_Blight,0.9996541738510132,1,validation,vgg16
validation_363,2026-02-03,potato,Potato___Late_Blight,Potato___Late_Blight,0.999996542930603,1,validation,vgg16
validation_364,2026-02-03,potato,Potato___Late_Blight,Potato___Late_Blight,0.9990488886833191,1,validation,vgg16
validation_365,2026-02-03,potato,Potato___Late_Blight,Potato___Late_Blight,1.0,1,validation,vgg16
validation_366,2026-02-03,potato,Potato___Early_Blight,Potato___Early_Blight,0.9999997615814209,1,validation,vgg16
validation_367,2026-02-03,potato,Potato___Early_Blight,Potato___Early_Blight,0.9998412132263184,1,validation,vgg16
validation_368,2026-02-03,potato,Potato___Early_Blight,Potato___Early_Blight,0.9999998807907104,1,validation,vgg16
validation_369,2026-02-03,potato,Potato___Late_Blight,Potato___Late_Blight,0.9999972581863403,1,validation,vgg16
validation_370,2026-02-03,potato,Potato___Late_Blight,Potato___Late_Blight,0.9962211847305298,1,validation,vgg16
validation_371,2026-02-03,potato,Potato___Early_Blight,Potato___Early_Blight,0.8068727850914001,1,validation,vgg16
validation_372,2026-02-03,potato,Potato___Late_Blight,Potato___Late_Blight,0.9999804496765137,1,validation,vgg16
validation_373,2026-02-03,potato,Potato___Late_Blight,Potato___Late_Blight,0.991407036781311,1,validation,vgg16
validation_374,2026-02-03,potato,Potato___Early_Blight,Potato___Early_Blight,0.9997962117195129,1,validation,vgg16
validation_375,2026-02-03,potato,Potato___Early_Blight,Potato___Early_Blight,0.8986226320266724,1,validation,vgg16
validation_376,2026-02-03,potato,Potato___Healthy,Potato___Healthy,0.9989519119262695,1,validation,vgg16
validation_377,2026-02-03,potato,Potato___Late_Blight,Potato___Late_Blight,0.9999998807907104,1,validation,vgg16
validation_378,2026-02-03,potato,Potato___Late_Blight,Potato___Late_Blight,0.9999998807907104,1,validation,vgg16
validation_379,2026-02-03,potato,Potato___Healthy,Potato___Healthy,0.9011927843093872,1,validation,vgg16
validation_380,2026-02-03,potato,Potato___Early_Blight,Potato___Early_Blight,0.9999986886978149,1,validation,vgg16
validation_381,2026-02-03,potato,Potato___Late_Blight,Potato___Late_Blight,0.9978994131088257,1,validation,vgg16
validation_382,2026-02-03,potato,Potato___Late_Blight,Potato___Late_Blight,0.9997395873069763,1,validation,vgg16
validation_383,2026-02-03,potato,Potato___Early_Blight,Potato___Early_Blight,0.9999489784240723,1,validation,vgg16
validation_384,2026-02-03,potato,Potato___Late_Blight,Potato___Late_Blight,0.9999614953994751,1,validation,vgg16
validation_385,2026-02-03,potato,Potato___Late_Blight,Potato___Late_Blight,0.9748396277427673,1,validation,vgg16
validation_386,2026-02-03,potato,Potato___Early_Blight,Potato___Early_Blight,0.9831288456916809,1,validation,vgg16
validation_387,2026-02-03,potato,Potato___Late_Blight,Potato___Late_Blight,0.9998950958251953,1,validation,vgg16
validation_388,2026-02-03,potato,Potato___Healthy,Potato___Healthy,0.992405116558075,1,validation,vgg16
validation_389,2026-02-03,potato,Potato___Late_Blight,Potato___Late_Blight,0.9999685287475586,1,validation,vgg16
validation_390,2026-02-03,potato,Potato___Early_Blight,Potato___Early_Blight,1.0,1,validation,vgg16
validation_391,2026-02-03,potato,Potato___Early_Blight,Potato___Early_Blight,0.9999995231628418,1,validation,vgg16
validation_392,2026-02-03,potato,Potato___Late_Blight,Potato___Late_Blight,0.9999985694885254,1,validation,vgg16
validation_393,2026-02-03,potato,Potato___Late_Blight,Potato___Late_Blight,0.9993057250976562,1,validation,vgg16
validation_394,2026-02-03,potato,Potato___Late_Blight,Potato___Healthy,0.8655871748924255,0,validation,vgg16
validation_395,2026-02-03,potato,Potato___Early_Blight,Potato___Early_Blight,0.9999977350234985,1,validation,vgg16
validation_396,2026-02-03,potato,Potato___Late_Blight,Potato___Late_Blight,0.9999996423721313,1,validation,vgg16
validation_397,2026-02-03,potato,Potato___Late_Blight,Potato___Late_Blight,0.9999260902404785,1,validation,vgg16
validation_398,2026-02-03,potato,Potato___Late_Blight,Potato___Late_Blight,0.996820330619812,1,validation,vgg16
validation_399,2026-02-03,potato,Potato___Early_Blight,Potato___Early_Blight,0.8066726922988892,1,validation,vgg16
validation_400,2026-02-03,potato,Potato___Early_Blight,Potato___Early_Blight,0.9269856214523315,1,validation,vgg16
validation_401,2026-02-03,potato,Potato___Early_Blight,Potato___Early_Blight,0.9999948740005493,1,validation,vgg16
validation_402,2026-02-03,potato,Potato___Healthy,Potato___Healthy,0.9605328440666199,1,validation,vgg16
validation_403,2026-02-03,potato,Potato___Early_Blight,Potato___Early_Blight,0.9999986886978149,1,validation,vgg16
validation_404,2026-02-03,potato,Potato___Early_Blight,Potato___Early_Blight,0.9999991655349731,1,validation,vgg16
validation_405,2026-02-03,potato,Potato___Late_Blight,Potato___Late_Blight,0.9999089241027832,1,validation,vgg16
validation_406,2026-02-03,potato,Potato___Late_Blight,Potato___Late_Blight,0.9999982118606567,1,validation,vgg16
validation_407,2026-02-03,potato,Potato___Late_Blight,Potato___Late_Blight,0.9999879598617554,1,validation,vgg16
validation_408,2026-02-03,potato,Potato___Late_Blight,Potato___Late_Blight,0.9961859583854675,1,validation,vgg16
validation_409,2026-02-03,potato,Potato___Late_Blight,Potato___Late_Blight,0.8253849148750305,1,validation,vgg16
validation_410,2026-02-03,potato,Potato___Early_Blight,Potato___Early_Blight,0.9999922513961792,1,validation,vgg16
validation_411,2026-02-03,potato,Potato___Late_Blight,Potato___Late_Blight,0.9986746311187744,1,validation,vgg16
validation_412,2026-02-03,potato,Potato___Healthy,Potato___Healthy,0.9371715188026428,1,validation,vgg16
validation_413,2026-02-03,potato,Potato___Early_Blight,Potato___Early_Blight,1.0,1,validation,vgg16
validation_414,2026-02-03,potato,Potato___Late_Blight,Potato___Late_Blight,0.9898725748062134,1,validation,vgg16
validation_415,2026-02-03,potato,Potato___Early_Blight,Potato___Early_Blight,0.9999972581863403,1,validation,vgg16
validation_416,2026-02-03,potato,Potato___Early_Blight,Potato___Early_Blight,0.9999881982803345,1,validation,vgg16
validation_417,2026-02-03,potato,Potato___Late_Blight,Potato___Late_Blight,0.9999794960021973,1,validation,vgg16
validation_418,2026-02-03,potato,Potato___Late_Blight,Potato___Late_Blight,0.9996455907821655,1,validation,vgg16
validation_419,2026-02-03,potato,Potato___Early_Blight,Potato___Early_Blight,1.0,1,validation,vgg16
validation_420,2026-02-03,potato,Potato___Late_Blight,Potato___Late_Blight,0.9999114274978638,1,validation,vgg16
validation_421,2026-02-03,potato,Potato___Late_Blight,Potato___Late_Blight,0.988471269607544,1,validation,vgg16
validation_422,2026-02-03,potato,Potato___Late_Blight,Potato___Late_Blight,0.9731003046035767,1,validation,vgg16
validation_423,2026-02-03,potato,Potato___Early_Blight,Potato___Early_Blight,0.9999146461486816,1,validation,vgg16
validation_424,2026-02-03,potato,Potato___Early_Blight,Potato___Early_Blight,0.9998407363891602,1,validation,vgg16
validation_425,2026-02-03,potato,Potato___Early_Blight,Potato___Early_Blight,0.9999731779098511,1,validation,vgg16
validation_426,2026-02-03,potato,Potato___Early_Blight,Potato___Early_Blight,0.9533969759941101,1,validation,vgg16
validation_427,2026-02-03,potato,Potato___Late_Blight,Potato___Late_Blight,0.9840602874755859,1,validation,vgg16
validation_428,2026-02-03,potato,Potato___Late_Blight,Potato___Late_Blight,0.999925971031189,1,validation,vgg16
validation_429,2026-02-03,potato,Potato___Early_Blight,Potato___Early_Blight,1.0,1,validation,vgg16
validation_430,2026-02-03,potato,Potato___Late_Blight,Potato___Late_Blight,0.9999885559082031,1,validation,vgg16
